Autor,Comentario,Likes,Respuestas,Fecha
@MandRproductions,know didnt discus may 4th promo morning leak video ahah,103,8,2025-03-25T18:51:48Z
@jonnyutah3458,ask mandr seen new andor trailer new tie fight ? think lego make set . tie look sick !,0,0,2025-04-05T00:54:08Z
@Peter-qq3io,im triggered pronunciation pokémon,0,0,2025-04-04T02:18:04Z
@Awksi,"fight occurred two grown men lego isle local target , allegedly hotwheels lmao .",0,0,2025-04-02T08:51:41Z
@TheIfarted,asking 25th anniversary fig think rise price future ?,0,0,2025-04-01T20:15:46Z
@Justtalkingbricks,"ask mandr whilst lego looking new theme , thought heman master universe one ? load great character , well vehicle building ?",0,0,2025-04-01T15:47:31Z
@Kingpigaxe9000,"lego saying realising set 1425 piece , true , mean ucs line ?",0,0,2025-04-01T15:32:11Z
@bradleyduncan1216,ask mandr best set purchase may 4th year ucs set get . way love vids watching forever .,1,0,2025-04-01T14:59:46Z
@JudderFudger,ask mr seen lotr print white onto dark torso without effecting quality star war cant ? frodo shire,0,0,2025-04-01T09:57:07Z
@mattrose3312,go droid carrier child boba ... smh may 4th,0,0,2025-04-01T09:21:40Z
@CollectorClutch,ask mandr foresee another count dooku minifigure think designer work lotr group share head like 2013 .,0,0,2025-04-01T01:48:25Z
@darthjarjar955,ask mr arent getting jango fetts slave 1 polybag go usc set ? last year tie interceptor polybag go set think shouldve gotten love,1,0,2025-04-01T01:08:07Z
@joeinmi8671,ask mr pre ordered 10327 ornithopter . ive kept boxed thinking might possible investment . seeing sale safe build enjoy ?,0,0,2025-03-31T16:22:31Z
@calebbaldwin2968,much verdansk going playing ?,0,0,2025-03-30T21:18:46Z
@BrandtStewart-qe5tz,"ask mandr heard year gwp longer supposed republic escape pod ? apparently supposed kaminoan enforcer ship 3 clone trooper . opinion gwp , think clone trooper lego current quality star war minifigures ? love video , cant wait see summer wave review !",2,0,2025-03-30T03:43:15Z
@weston7083,"bin watching 6 year , think influenced lot lego keep agin",0,0,2025-03-30T03:36:56Z
@weston7083,"love video , keep , think size good",0,0,2025-03-30T03:33:15Z
@rexeater14,ask mandr tell u would beneficial get 2020 501st battle pack new project brickshell case ? old opened one want know get unopened one based brickshells sneak peek .,0,0,2025-03-30T00:43:31Z
@soteromartinez5927,"askmr hey ryan , wanted ask could show u poster collection ! also , get made ? certain website ? thanks !",0,0,2025-03-29T21:13:11Z
@TheFirstCurse1,lego pokemon better gen 1 slop . need done boring kanto crap .,0,0,2025-03-29T19:18:53Z
@bIgY05h,"ask mnr sealed bespin duel would really like open name luke father scene feel like need , yet feel like could jump price , thought ?",0,0,2025-03-29T18:46:21Z
@trp4196,"play scale , django fat slave , one ucs slave one gon na django fett",0,0,2025-03-29T17:29:02Z
@SteveW-ng5kb,"ask mandr lego downsized set point cant downsize anymore , youthink happen ?",1,0,2025-03-29T16:17:28Z
@PhlippinPhil,"regarding monopoly talk . ive taken law class , way monopoly defined broadly law lot complicated kicking everyones butt market . monopoly prevent others successful direct way , essentially . yes , ryan , correct . brbralso , monopoly law even matter denmark ?",0,0,2025-03-29T13:23:24Z
@floweralligator,dont want build able pokemon want like pikachu minifig lmao,0,0,2025-03-29T10:46:18Z
@velociraptor0509,"ask mr going lie think may 4th promo could better , rather see diorama mustafar chancellor palpatine arrest something unique general grievous set bc havent got one age lol thats lol still something different unique tho . anything rather get ok may 4th promo amazing gift purchase death star !",0,0,2025-03-29T09:50:27Z
@CaseOhSmugglesPigeons,escape pod anymore yay !,0,0,2025-03-29T09:33:03Z
@NomadX7,apple superior phone ? nah mate ! try top line android youll never go back apple ! period .,0,2,2025-03-29T08:25:10Z
@Kay_Money-no2sp,fuck slick meat riding apple trashin lego getting offer consumer,0,0,2025-03-29T04:18:29Z
@EthanBCaptain,"askmandr think best lego atrt walker came side build newer turbo tank , think lego release similar sized atrts battle pack build keep exclusive expensive set added value build ? thanks love video !",2,0,2025-03-29T01:38:36Z
@alexmertens5269,"href heck yeah , always knew cool !",0,1,2025-03-28T23:09:26Z
@19wildmustang79,thought whatnot seller continuing sell stolen unreleased fig ? saying im stream know talk buy straight mexico factory manager .,0,0,2025-03-28T22:41:20Z
@bryanchavez5933,"href big pokémon fan , get , thanks respectful ! grew yugioh ! kid pokémon kid would share reaction . excited drop .",0,0,2025-03-28T18:15:11Z
@stratoskallinos,"askmandr community really focused cw . think interest shift different era future ? , think could go ?",0,0,2025-03-28T17:04:05Z
@Betazeno,"also sony , xbox , steam nintendo charge 30. epic charge less late game . also , direct competitor steam apple . weird lawsuit .",0,0,2025-03-28T16:31:09Z
@stefanotrifance8053,"question leak 9020 piece new death star ... think ? like last two ucs set ... playset ? closed , maybe half closed , turn one half closed half open room minifigures ? must quite big 38 minifigures displayed inside d . think lego make new death star ? thanks great job ... italy",0,0,2025-03-28T16:00:35Z
@ReganN615,"askmr planning buying video end year , really enjoyed one 2024",0,0,2025-03-28T15:18:27Z
@michaelajoseph,brickfair va weekend ?,0,0,2025-03-28T14:50:45Z
@MulletBrickEmpire,considering review baraddür making review upcoming shire set ?,0,1,2025-03-28T14:16:07Z
@kristof9229,"askmandr would like idea new endor base dont old one yet , however , im curious thought possible ucs mbsstyle jabbas palace set ! brhow realistic think including rancor pit ?",0,0,2025-03-28T12:36:13Z
@forsaken_half_demon2946,"ask mr since lego japanese anime collabs one piece pokemon think lego would old school anime example friend doll sailor moon , naruto , dbz , bleach , yugio , inuyasha ? would like interested made theme personally would like final fantasy kingdom heart dbz",0,0,2025-03-28T01:16:52Z
@justinkwi,"ask mr age downsized set come u past year , choice 3 worst downsized set well 3 recent set hit downsized trend ? long time viewer channel , keep great work",0,0,2025-03-28T00:59:47Z
@legojangofett8342,bionicle saved lego lego star war,0,0,2025-03-28T00:29:29Z
@Will-om5wb,"scalping definitely issue lego community . people get arrested stealing lego time , even theyre fighting . brlego youtubers stockpile old set like david represent issue well , .",2,2,2025-03-27T23:53:00Z
@Pax-ug8cb,think differently helmet mold ?,0,0,2025-03-27T22:47:10Z
@WABrickCollector,ask mr know covered video shelf setup behind ? im looking lego room like shelf .,1,0,2025-03-27T22:37:09Z
@edwinmarchsing708,couldnt show leaked star war photo previous video ?,0,0,2025-03-27T20:27:37Z
@ianmccallum5690,holy apple shillbredit holy scalping shill ?,0,1,2025-03-27T19:05:11Z
@aspenair8988,still wondering ewok village bunker 100 made possible build 2026 ?,0,0,2025-03-27T18:42:29Z
@seanuh60,care pokemon minifigs,0,0,2025-03-27T18:03:43Z
@brentahrend3845,"looking mattels website listed new squid game set mini doll , appears theyre still using mega mega bloksmega construx header . mattel bought mega blok 2014 im confused made announcement new brick shop year . shifting branding logo formally mega mattel ?",0,0,2025-03-27T16:50:30Z
@Regulus985,yes ryan ! fellow ygo compadre,0,0,2025-03-27T16:46:52Z
@overseerOFflop,p2 cody printing missing helmet misprint valuable ?,0,0,2025-03-27T16:19:42Z
@ArcofZen,"question wheres hoth moc ? im sure finished , probably havent time make video , right ? right ?",0,0,2025-03-27T14:02:53Z
@Nalleee,ask mandr old indiana jones set bought ?,0,0,2025-03-27T12:41:52Z
@Bumbulers_Bricks,"ask mr dont know youll know would want share , know lifebricks he ? hasnt uploaded entire year , im wondering he good .",0,0,2025-03-27T11:15:16Z
@cubagaming,"ask mr hey dude , never done one today got lego clone could posed brand new five minifigure , process posing realised alot leg incredibly stiff , come problem obviously large collection minifigures , another victim leaving minifigures collect dust shelf ?",0,0,2025-03-27T09:50:29Z
@octobotimus,"monopoly thing funny . mega construx year pokémon stuff people didnt buy . license went lego . people wanted competition , need actually support competition .",0,0,2025-03-27T05:39:31Z
@shadow7037932,lego already monopoly lol .,0,0,2025-03-27T03:33:49Z
@LEGOStudsStudios,"ask mandr think lego release episode 46 wave xwings , tie fighter , set follow movie wanting get 46 set havent much",0,0,2025-03-27T02:37:09Z
@luccamessana7680,askmandr often may 4th gwps sell may 4th ?,0,0,2025-03-27T02:17:42Z
@CuriousBrickster,"never include pokemon card set distribution card managed hasbro , directly competes tlg , might go bankrupt next year ... perhaps nintendo find different company manage card distribution , although new ip partnership definitely undercut little lifeline hasbro still seems hanging onto ...",0,0,2025-03-27T01:53:23Z
@AhsokaMan,ask mandr set recently came review said bad think otherwise opposite ?,0,0,2025-03-27T01:21:48Z
@matthewlaflamme9019,"may 4 promo available like regular set , special way get ?",0,0,2025-03-27T00:19:32Z
@badnewstwolves5032,ask mandr ever get dream lego ? multiple nightmare finding rare lego set find offbrand building block .,1,0,2025-03-26T23:04:45Z
@erichumphrey4094,"even though put blurb epicapple lawsuit screen , missed point epic claimed . isnt apple take 30 people spend via app store , downloaded game , made ingame purchase , apple wanted 30 well , doesnt want app developer able apple user buy apps anywhere else besides apple app store ...",0,1,2025-03-26T23:02:20Z
@wafflestomper4238,considering getting 327th trooper wouldnt make sense release set new aayla secura sometime year ?,0,0,2025-03-26T22:16:51Z
@Wilyum-qs9bv,"think lego youtube space oversaturated , worth starting channel ? , use record edit video ?",0,0,2025-03-26T22:16:17Z
@KristinPlaninz,price lego battle pack go . would consider forming protest brnot buying price set ?,0,0,2025-03-26T22:07:03Z
@chrisw4150,askmandr think 327th trooper getting recolors 2022 212th,0,0,2025-03-26T21:24:33Z
@StudtasticStudios,ask mr ever considered super chat show ? brbrbrbryou always complain enough time money moneyhiring someone help achieve higher productivity something . ive seen youtubers successful . would also put hour upon hour replay content people cant catch live .,0,0,2025-03-26T21:12:21Z
@CommanderBlyTheGoat,ask mr thought new andor show ?,0,0,2025-03-26T20:49:10Z
@MetaHydra-gj6ms,ask mr noticed store display sith infiltrator set rare version quigon jinni ? thought funny rare thing looking literally case right front .,0,0,2025-03-26T20:42:08Z
@Zepertix,"build platform ground , cant reap benefit literally nothing whether monopoly good practice . also forced lot company business bought become monopoly , , entirely ground . argument right . apple engages noncompete practice force others market using product . use force upgrade discontinued service , using repair shop stupid thing like different charger new iteration cant use old charger buy new one . malicious practice made take much money possible could monopolize entire marketplace would . also push make product best product monopoly captive audience via walled garden practice actually get away less innovation nothing comparable.brbran easier way understand internet service company . literally make agreement 13 service cover area meaning work together force customer least amount option possible . way bad option together , illusion choice providing bad rate . force smaller provider monopolize market . monopoly acquired company , inherently mean one company . apple thing , complex bit harder understand . apple owns 57 market usa seems like android marketplace diversified multiple provider samsung next largest 24 , less half apple still gigantic number . get dictate majority without sharing diversity withing ios.brbrscalpers issue need correlate anecdotal physical violence either , still problem point release many set obtainable online even buy limit store lot set sold . holiday event calendar available 8 nearest lego store near entire month december , none available amazon online retailer either . there reason december set unavailable entire month december . , cuz didnt see someone punching someone else lego set mean scalper problem .",0,0,2025-03-26T20:00:18Z
@broncojuan,"ask mandr would consider gwp death star ii 40591 , nebulonb frigate 77904 part midi scalestarship collection ? friend debating , say promotional status limited availability exclude part collection , say everything limited availability size fact released within close proximity set make part collection .",0,0,2025-03-26T19:41:38Z
@juniper3955,"think comparing apple taking huge percentage storesplatforms running apple device platform pretty poor comparison lego obtaining bunch nintendo license nintendo want lego set merchandise . brbri think calling lego monopoly kind strange , theyre dominant toy aisle theyre nowhere near entirety whats available toy aisle . theyre company making toy license . could say theyre dominating interlocking brick system market , though far im aware theyre actively trying squash smaller brand make system incompatible like monopoly .",0,0,2025-03-26T18:52:35Z
@NoFlipNoFuture,"ryan monopoly complaining helmet hole ... brbrscalping word pretty much meaningless . resale issue something opposed . reason lego pokemon lose 80 value instantly purchase time , cashout resell.brbrhuge company , especially lego , bad lead time accurately assessing consumer demand . look fortnite set 10yrs late brbrif want blame someone , blame manufacturer . another customer . talk divide conquer lol",0,0,2025-03-26T17:52:11Z
@ryanclark7511,ask mandr ever get girlfriend doesnt like lego dealbreaker ?,0,0,2025-03-26T17:52:04Z
@CaptainRex-i8s,ask mr think lego make bad batch ?,0,0,2025-03-26T17:18:28Z
@CaptainRex36-k1n,ask mandr think lego ever revisit force unleashed ? least give u new starkiller minifigure ? love vids ! keep great work ryan !,0,0,2025-03-26T16:57:30Z
@AllGoodDays1,ask mr darth maul head missing part head glare lighting lol ?,2,0,2025-03-26T16:53:09Z
@Jetpack_99,ninjago peak . especially pilot episode season 15ish,0,0,2025-03-26T16:47:36Z
@martinsimmons6023,"hey ryan , think possible may 4th promo leak could actually yodas escape pod rot . would make sense two mini fig could chewbacca tarfful ?",0,0,2025-03-26T16:41:15Z
@chandler3163,ask mr think lego ever cmf star war like thy marvel . hasbro license marvel star war yet get marvel cmf .,0,0,2025-03-26T15:50:16Z
@CarrieHayes-s7u,able buy may 4th promo separately without getting gift purchase ?,0,0,2025-03-26T15:48:09Z
@TAG_Studios130,good cook youve homeowner time ?,0,0,2025-03-26T15:29:16Z
@FireForger,"dosent matter built device , device locked app store , samsung device others arent",0,0,2025-03-26T14:47:58Z
@ZaneOrbon,hey mandr ! wondering youd want collaborate whatnot ! cool idea might interested,2,0,2025-03-26T14:45:44Z
@TraceCheek-r3x,least new jango fett movie accurate detachable head,20,0,2025-03-26T14:13:36Z
@AstroNautica716,"another bit downturn u halo mega construx fan . might soon mattel cant support mega construx anymore without pokemon . get like one two significant halo set per year produced order . even mentioning new fallout line mega launched like 6 month ago , itd rough get canned .",0,0,2025-03-26T13:52:56Z
@sgtpep5278,ask mr star war character canon screen time without minifigure ? guess someone rebel like ap5 bendu,0,0,2025-03-26T13:50:04Z
@FreddyMan,ask mandr would lego actually put 212th clone trooper new 327th battle pack . bth thats something lego would,0,0,2025-03-26T13:33:32Z
@WiiUWeirdo,thanks answering question made day,0,0,2025-03-26T13:30:26Z
@velociraptor0509,"ask mr think 9019 piece ucs death star rumoured ? would thought would 10,000 complaining still amazing",0,0,2025-03-26T13:23:05Z
@alexander.tahtadjian,"ask mandr could choose star war character get live action debut would ? also could pick star war vehicle whether canon legend made set , would ? id want see ebon hawk potential minifig line revan , bastila , hk47 , candorous ordo maby republic trooper . great video always ryan cant wait see store u future .",0,0,2025-03-26T12:55:44Z
@JediGalaxyProductions,ask mandr started making video tip ? brbralso presenting moc upcoming convention tip ?,0,0,2025-03-26T12:49:38Z
@gepin-sp7xn,"people problem lego chima ? used love , seems like there much hate towards .",0,0,2025-03-26T12:22:19Z
@erikvandebroek3827,ask mr think 1000 dollar death star ?,0,0,2025-03-26T12:14:30Z
@christallon184,here question still say nock correctly person ive heard referrers wrong consistently say show several time always enock nock offence ment old going nut everytime hear say wrong lol great video try harder,1,0,2025-03-26T11:58:47Z
@JPBrickz,may 4th promo come may 1st 4th ?,0,0,2025-03-26T11:33:44Z
@Bric.K980,excited lego pokemon ?,1,0,2025-03-26T11:17:06Z
@SithBricks77,"ask mr. pokemon might becoming new theme , theme lego would make bring back future",0,0,2025-03-26T11:15:44Z
@georgebritton3098,ask mandr plan making printed piece replace sticker atat driver helmet ?,0,0,2025-03-26T11:08:28Z
@Vevtex,askmandr think bly mtt waist cape least arm printing ?,1,1,2025-03-26T11:05:09Z
@Justtalkingbricks,hi mandr happened darth maul head behind ? look like bumped negan lucille ? !,0,0,2025-03-26T10:31:10Z
@jvm002,talked home insurance wondering lego insured go ? thanks,0,0,2025-03-26T10:29:52Z
@AndreBaguette,pokemon probably biggest ip side lego next halo,0,0,2025-03-26T10:23:51Z
@jamesbott8120,ask mandr would someone piece specific set ucs darth maul instead paying price full set . specific site ?,0,0,2025-03-26T10:21:51Z
@SplashFranko30,"related talk ive really thinking . side character new hobbit set get brand new skirt mold yet , clone trooper continue suck , kama nonexistent anymore , young boba fett look like garbage im done lsw point . bad . ive almost completely lost love star war lego star war whole . havent picked single star war set released last 3 year besides 18ucs set buying good one ebay . mostly switched harry potter point lego fix act star war",1,0,2025-03-26T10:05:42Z
@maltev1961,"might hot take , honestly prefer minifgs less detail sometimes . sometimes much detail make fig look weird messy .",0,0,2025-03-26T09:50:04Z
@masonscanie-vn3gz,think lego ever make upscale minifigures star war line ? like set number 40649 ? personally think would great addition lego star war maybe,0,0,2025-03-26T09:41:05Z
@Sloth_girl-z2h,"keep lego , misunderstanding economics monopoly power , apple monopoly power constrained . , hamper competition discourages innovation . notion able use monopoly power demand 30 revenue something merely provides shop front doesnt strack .",0,1,2025-03-26T08:10:02Z
@judee.7186,"href respect towards toylines saved lego ? yeah , ask bionicle fan thats goingbrbra href ha , totally called ! lol",0,0,2025-03-26T07:42:22Z
@RC-1290,build platform ground still monopoly . duopoly .,0,0,2025-03-26T07:36:31Z
@Zajef_37,happened darth maul ? ? ?,0,0,2025-03-26T07:22:59Z
@ethancooky,askmandr want buy ucs slave one jango fetts starship buy get may 4th promotion ? love video,0,0,2025-03-26T07:07:48Z
@greengiant8823,ask emandare awsome youre yu gi oh fan ! opinion yu gi oh far superior pokémon know thats probably unpopular opinion . team dark magician team blue eye white dragon ? !,0,0,2025-03-26T06:44:07Z
@Kocka_Ur,hi ryan ! brdo see chance lego changing leak policy ?,1,0,2025-03-26T06:23:53Z
@viperson9818,"lego never consistent . 5 fully decked printed figure , compared 300 set lack luster quality . truly think youre making 200 plus stuff best quality worst like many toy company .",0,0,2025-03-26T06:23:19Z
@Rhys-lp8he,mandrproudcutions whats duration may 4th promo ? week,0,0,2025-03-26T06:21:11Z
@ostrichguy7810,type display recommend bring lego conventionsbrive divided getting table brickworld cause im sure best thing bring would . brby june id full collection main 4 ninjago ninja fig kinda want im sure would allowed,0,0,2025-03-26T05:53:17Z
@ostrichguy7810,best tip help get full minifigure collections.brim currently trying get ninjago fig main 4 ive got around 16 left . im probably going continue get collection like rouge one fig well,0,0,2025-03-26T05:49:50Z
@boiletpaper3261,like idea may fourth promo stand alone escape pod extra boba pop hairpiece third cadet boba leaf behind escape pod float away abyss space,0,0,2025-03-26T05:42:18Z
@bionicsynth49,"ask mandr lego continuing transformer , think theyll handle potential megatron tank gun starscream fighter jet ?",0,0,2025-03-26T05:10:41Z
@zanderfus2723,"href clearly , arent looking wolf pack fig .",2,0,2025-03-26T05:01:45Z
@TheCole55,ask mandr recently ucs millennium falcon set giveaway whatnot . first ucs set ive ever owned . wondering think worth room display hold onto thank .,0,0,2025-03-26T05:00:55Z
@lbricks7631,thankyou talking jango fett arm wrong colour . cant slag boba without understanding deeper issue .,3,0,2025-03-26T04:51:14Z
@guillermoabrego9476,ask mr ever think influence people around world ? especially nonenglish country . follower since 2020 learned lot . regard mexico,0,0,2025-03-26T04:47:04Z
@TPSMinifigs,ask mandr value figure retired set calculated ?,0,0,2025-03-26T04:43:58Z
@TPSMinifigs,pov lego announcing discontinuation star war 2025. ? would prediction regarding ending lego star war contract 2033 believe .,0,0,2025-03-26T04:42:47Z
@gibsonswcollector,"make monopoly , society , need regulated .",0,0,2025-03-26T04:42:01Z
@TPSMinifigs,thanks answering question ryan !,0,0,2025-03-26T04:40:12Z
@fzbk4143,"also duckbricks already explained theme get better stuff others theme set number slot year new part . manage slot entirely failure lsw management . theme like harry potter lotr afford get better part star war decide part prioritized ie new torso print important new leg . decide entirely team , good bad .",3,0,2025-03-26T04:39:13Z
@fzbk4143,scalper problem guy . influencers encouraging scalping problem . brbrid personally get several go upbrthe last time there literally none left im getting safebrfans gon na go crazy im id definitely get guy run outbrthe aftermarket go insane soon hit shelf,0,1,2025-03-26T04:33:33Z
@Jude.Seibert,askmr best purchase make value wise get gwp may 4th,0,0,2025-03-26T04:33:28Z
@BenCooper-o5m,think ucs jango fett helmet ? personally think way better ucs standard .,0,0,2025-03-26T04:32:16Z
@Joycie_96,ask mandr joining u australia lego star war exhibition may 4th ?,0,0,2025-03-26T04:16:54Z
@louier4478,f lego buying everything like disney,0,0,2025-03-26T04:16:01Z
@kevingehring5560,twice thirty year set piece missing last two week put together barad dur technic gt4 porsche set missing part . noticed anything set putting together recently also retired set missing piece,0,0,2025-03-26T04:04:37Z
@SM-SM-SM-SM,ask mr kathllen kennedy lego ? meaning person making bad decision regarding star war lego set criticize much . let expose person cant hide behind lego logo .,0,0,2025-03-26T03:44:13Z
@ianhazel1373,"ask mr think youll ever expand collection taste theme ? like speed champion city construction set ? mainly focus lego sw enjoy making content ? city stuff dont ever show u ? lol , keep great content ...",1,0,2025-03-26T03:43:34Z
@cartercallahan6514,soon heard potential jango slave started setting aside money saw boba im really sure want totally butchered,0,0,2025-03-26T03:40:35Z
@TheSculptedBrick,"bobas sleeve look similar paz vizsla armor , lego also chose depict sand blue . bobas purple lavender , muted bluish color fall sand blue dark blue term color value . think inaccuracy glaring boba costume sleeve right next light blue , making seem even darker really . tough choice . think lack dual molded leg bigger issue , understand frustration figure . doesnt look right . maybe time new sand purple sand lavender .",0,0,2025-03-26T03:35:15Z
@SM-SM-SM-SM,ask mr would mind posting body weight beginning video ? im curious see evolution next 50 year . thanks .,0,1,2025-03-26T03:33:56Z
@alexander1485,apple inferior .,0,0,2025-03-26T03:29:36Z
@FordNR_,"ask mr shelving unit behind , left , atte v19 torrent get big clone war 20th anniversary logo ? look amazing really want one .",0,0,2025-03-26T03:28:10Z
@LapadatXD,cant wait put escape pod next venator,0,0,2025-03-26T03:14:14Z
@dugficher,"ask mr favorite star war minifigure ever made , ? also really like video find nice listen !",0,0,2025-03-26T03:12:12Z
@afterburn2600,"ive owned house decade youre spot take home ownership add , little little , even thing dont think add anything . good example wanted buy shed store lawncare stuff , foldable chair , etc know stuff want around dont use time . free space house make easier play tetri remaining stuff inside house make look nice . extra building need attention cleaning , repair , general maintenance . something made life easier suddenly add whole layer responsibility life . way world suppose .",4,0,2025-03-26T03:09:46Z
@Bmart-77,bro gotten sleep,0,0,2025-03-26T03:03:25Z
@alejandronunez1958,ask mandr im american living brazil ive noticed demand lego crazy high . particularly interesting importation tax cause set double price set u still sell . think mean even price increase u people still buy ?,0,0,2025-03-26T02:51:36Z
@11cfschroeder,completely random observation lighting reflection shelving glass give impression darth maul top right side head blown,0,0,2025-03-26T02:49:13Z
@P-MONEY777,href nah thats proven wrong many brand,1,0,2025-03-26T02:14:35Z
@darthythebalkancat6611,l take apple,0,0,2025-03-26T02:03:11Z
@krazykandeditor5275,askmandr 15 less thing want see lego star war 2030 ?,0,0,2025-03-26T01:43:38Z
@sergiortgarza,1. try apply job lego br2 . thought creating discord account ? would great message lego fan !,0,0,2025-03-26T01:42:32Z
@Jeksignup49,"askmandr , think mega battle pack continue downgraded future one like 40 rebel imperial 327 ? battle pack expensive less minifigures",0,0,2025-03-26T01:41:14Z
@AhsokaMan,set recently came review said bad think otherwise opposite ?,1,0,2025-03-26T01:40:22Z
@williamossont9689,imagine reuse 212th print yellow . would actually kill .,0,0,2025-03-26T01:40:02Z
@Jeksignup49,"askmandr pick rot set cato nemonia , rather 40 plo koon starfighter reg size bit similar style obi wan 2022 70 arc170 idea 100110 set 2 set combined , 4 mini figure 2 astromech droids ?",0,0,2025-03-26T01:38:17Z
@joaquin5892,"scalping problem ive lately new wolf pack mini fig . want one ive scanning box best buy , barnes noble , walmart , target , lego store found single one",0,0,2025-03-26T01:37:55Z
@discontinuousqualia7365,"regarding color jango bobas jumpsuit , im sure theyre inaccurate entire source material much theyre inaccurate promo shot specifically . geonosis jango appears lavender jumpsuit , slave look blue . behind scene material said several jango fett costume , maybe blue purple . who say material lego given work determine proper source material color . wearing blue suit slave , would accurate give blue suit paired slave set . either way certainly lego problem , find action figure picture jango blue purple , find forum post people asking right color .",0,0,2025-03-26T01:32:14Z
@DarthVinatiss,wonder lego contract starwars pay set lucusfilm set character star war,0,0,2025-03-26T01:26:20Z
@austygo3563,href guy right look like young george lucas,0,0,2025-03-26T01:20:44Z
@DarklordSkippy,ask mr ever watched ninjago havent ?,0,0,2025-03-26T00:55:34Z
@GamingPanda5748,href lego basically wiped og ninjago internet,1,3,2025-03-26T00:44:01Z
@colbymerrill2422,"hey ry , may need rewatch season 2 episode 20 clone war thats episode may 4th promo based",0,0,2025-03-26T00:38:48Z
@paulbirkenstock1959,askmr new lotr set might dual molded leg compared last two year release year significant step quality step priceplease moment silence,0,0,2025-03-26T00:37:05Z
@chriscummings4206,"think mega construx possibly looking funholes product going , hey , need get game !",0,0,2025-03-26T00:35:19Z
@rexeater14,ninajo dragon,0,0,2025-03-26T00:31:22Z
@jonnyutah3458,ask mandr order watched star war movie first time ?,0,0,2025-03-26T00:23:56Z
@abeham27,"dont think monopoly since , although control building block toy , compete every toy maker . consumer want buy toy come across manufacturer like hasbro mattel .",0,0,2025-03-26T00:20:07Z
@SargentPinecone,ask mr going finish 50 rarest lego star war item series,4,0,2025-03-26T00:16:31Z
@pro9764,ask mandr ?,0,0,2025-03-26T00:05:39Z
@d4ddy0,"mandr whats ! complain price battle pack , lack detail accuracy minifig , ok lego controlling 90 industry . yet youre still buying everything sun ! would different werent influencer ? im gen got hooked lego pandemic ucs awing . lego raised price consistently lackluster set . im fan apple like price lack innovation im waiting least 2 year upgrade . im nearly buying set used either . demand ever drop enough lego make real change ? think mattel new brick shop make difference ? know youve reviewed building block set . take ?",0,0,2025-03-26T00:04:10Z
@Astrocreep696,dude ive watching year cant tell youre getting older youre unwell dont look .,0,0,2025-03-26T00:03:20Z
@brendanstaples9934,mind sand blue arm . one first time disagreed ryan .,0,0,2025-03-26T00:02:44Z
@gorzo88,"ask mandr . , fan reviewer , get point cant justify purchasing lego , feel quality value isnt anymore relative set price ? think lego heading direction last year rising price downsized set , often time lesser quality .",0,0,2025-03-25T23:54:37Z
@flacotaco5154,would ever display lego set garage ?,0,0,2025-03-25T23:52:09Z
@EnriqueShockwave216,"common sentiment pokemon card , trading card matter , financial asset collectibleconsumable point.brbrwatching lego pokemon market last 10 year , lego community seems better grasp reality come corner collectibales market . doubt pokemon scalping madness transfer lego ip . gon na interesting though .",0,0,2025-03-25T23:51:59Z
@StudWalker,"yay spend load money jangos slave 1 young boba ill get gwp 3 bad version young boba ! amazing , thanks lego , didnt want palpatines arrest , wanted !",0,0,2025-03-25T23:46:16Z
@Plo_goon,ask mandr set would recommend get 160 dollar mark may 4th gwp ?,4,0,2025-03-25T23:41:58Z
@L_uka_s,lego yugioh would bee knee,0,0,2025-03-25T23:41:57Z
@codyswerbensky119,best way show boba darker arm looking 2002 proper color still different arm jango .,1,0,2025-03-25T23:35:53Z
@MichaelMorrall,think price silver jetpack go jango fett gunmetal jetpack fiasco new figure ? love content btw .,0,0,2025-03-25T23:34:23Z
@panzerdoodle,think bad lego fan dont understand inflation deflation worse,1,0,2025-03-25T23:25:38Z
@imaddictedtostarwars3949,answer question person twice ?,0,0,2025-03-25T23:25:27Z
@imaddictedtostarwars3949,lego include play feature 18 set ?,0,0,2025-03-25T23:25:12Z
@androidgamez6189,ask mandr saw leaked photo 327th battle pack noticed changed spider droid design 2022 atte personally think new one much worse much less round think change design ?,0,0,2025-03-25T23:25:09Z
@onelunglarry,"get gwp exactly ? lego account , need purchase something 170 may 1st5th ?",0,0,2025-03-25T23:23:15Z
@SoapierSpace572,"pokeeymon , pokeeemon 35 second",0,0,2025-03-25T23:19:05Z
@LetgoSmego1313,"find odd mattel creation announces mattel brick shop , lego sudden get pokémon . maybe im paranoid , maybe wanted make sure mattel brick wouldnt making pokémon collaboration mega construx . kinda feel like lego trying buy competition .",1,0,2025-03-25T23:13:59Z
@quindolia,whats stud genuinely boost mood lmao,3,0,2025-03-25T23:13:02Z
@cashmoneybricks120,"ryan , rizz ?",1,0,2025-03-25T23:12:57Z
@Chimma,"collected ninjago soaly 8 year , found channel 2019 convinced review collect star war . since able get many amazing star war set learn random lego star war lore , turning self patriotic lego star war fan . however still collect ninjago , would definitely give chance though surprised cool ninjago set getting , especially modular leak ninjago later summer",0,0,2025-03-25T23:12:22Z
@brandysmith5819,"ask mandr defend battle pack didnt like , would would defend",0,0,2025-03-25T23:10:07Z
@Zeke_bs,ask mr please think 327th battle pack 40 dollar fix clone give waist cape ext . know make expensive want badly like 501st battle pack ?,0,0,2025-03-25T23:06:40Z
@angreydoggo4357,scalping isnt big thing lego community brstares cmf wolfpack beastmaster,1,1,2025-03-25T22:59:20Z
@ErickSu1,ya . looking investment take away time .,0,1,2025-03-25T22:58:47Z
@anbublackops1000,scalping lego doesnt exist brbrrembebered looking lego clone rex ywing came posted ebay 40 buck .,0,0,2025-03-25T22:58:08Z
@AlexSmith-zc6mj,may 4th promotion sound lame,0,0,2025-03-25T22:56:18Z
@grandadmiralthrawn8116,apple store factually monopoly . eu already decided,0,0,2025-03-25T22:55:33Z
@speedster4065,"year 2025 came solemnly say dont care modern lego star war lego general , im lifelong fan ive collected mega extensively aswll . enjoy speed champion line city creator stuff 99 star war disappointing . ive watched lego grow popularity drop quality mega hasnt gained much hype improved . say without doubt mind mega get star war license would drastic improvement current state lego",0,0,2025-03-25T22:47:56Z
@andrewasem761,mandr lowkey look like invincible,1,0,2025-03-25T22:47:03Z
@jdvelchek1,ask mr think hit something pokémon effect release day product . totally nuke process randomly insert shiny version pokémon set ! ? chaos ! !,0,0,2025-03-25T22:46:26Z
@Frolaire,"growing bionicle , along exposed mecha anime young age , led addiction gundam model .",0,0,2025-03-25T22:44:43Z
@Poywox,ask mr take long uwing review ? worst first rogue one set believe worst first 2016. favorite star war ship watch creator get rush brbrp.s . love content also got back lego 5 year hiatus thank much,0,0,2025-03-25T22:44:16Z
@napkinx4341,im hyped gwp tbh there lot build never going get clone cadet way,0,0,2025-03-25T22:37:28Z
@DoctorPaolo,ninjago peak,0,0,2025-03-25T22:33:59Z
@foxyplayz1399,"personally lego scalping online problem , whole culture wack , new fan may able aford sealed 2013 gunship",0,2,2025-03-25T22:31:17Z
@brandonnn9543,ask mandr downloaded reddit day dont understand youre hated wanting better quality lego set minifigs . almost like people want pay inflated price set arent good .,0,1,2025-03-25T22:30:37Z
@SpamtonGSpamton-pd9vw,"askmandr think would good idea lego take break clone battle pack set ? nowadays fandom standard high lego release obscure clone legion set number 584 next year , fan cry small detail repeat process next year .",1,0,2025-03-25T22:30:32Z
@napkinx4341,scalping pokemon lego going horrendous im expecting invasion graded set hobby grow lot,0,0,2025-03-25T22:30:16Z
@Alex-zi1nb,jango never wore blue always lilac,0,0,2025-03-25T22:28:00Z
@arrun5125,"definitely agree ninjago answer . im year old become ninjago fan look like really cool theme super cool set , character , especially value compared star war !",0,0,2025-03-25T22:26:25Z
@Dalegoking7312,funny . watched episode exact time leak came .,0,0,2025-03-25T22:25:59Z
@jakepschirrer9150,"adult keep person busy . keep , stud .",0,0,2025-03-25T22:24:49Z
@jamiehausen,"know happened last time , , dont . people dont follow every news item .",0,1,2025-03-25T22:23:55Z
@klipsfilmsmelbourne,feared 327th helmet would gap printing yellow fin version white fin version 327th concept design,0,0,2025-03-25T22:17:23Z
@tvizzle,fr bruh would chima fan,0,0,2025-03-25T22:16:24Z
@Mp-bricksstudio,good word ninjago coming mandrs mouth love hear ! ! ! great theme !,0,0,2025-03-25T22:10:00Z
@Bobdapage,ive realised eye look slightly colour . ok getting enough sleep . checking,0,0,2025-03-25T22:07:03Z
@djmc_life,askmandr think current state lego star war lego said need listen fan anything change done,0,0,2025-03-25T21:57:46Z
@SaucyScott,ask mr job dont mind sharing favorite lego star war character unique mold like max rebo plo koon,0,0,2025-03-25T21:56:49Z
@manzington,thought new superman movie ? havent seen trailer seriously recommend .,0,0,2025-03-25T21:53:47Z
@Dabfamlet,"ask mr like listen anything build set ? music , podcasts , etc",0,0,2025-03-25T21:51:34Z
@anderschannel9424,terrible promo,0,0,2025-03-25T21:48:04Z
@legoforestmen3234,"dont understand anyone would want buy pokemon card , let alone fight one brit ridiculous",1,0,2025-03-25T21:46:12Z
@JoeWuhPuh,"id rather boba wrong colour match jango , different jango . brbrthe hair main issue personally .",0,0,2025-03-25T21:43:17Z
@Ultimategamingchannelugc,ask mr think new rumored fortnite set ?,1,0,2025-03-25T21:42:44Z
@Clonebricks55,get may 4 promo,0,0,2025-03-25T21:41:41Z
@sewisinc.4545,bionicle ! !,0,0,2025-03-25T21:37:21Z
@jonvp9038,apple superior phone brand . even close,0,0,2025-03-25T21:35:34Z
@crazydog1750,"seen site mocboxing ? , whats take business model theyve got going ?",0,0,2025-03-25T21:34:07Z
@bobafred4978,ask mr gwp tied jangos slave 1 available anyone spends set amount lego star war available ?,0,0,2025-03-25T21:29:35Z
@seanthornton3715,href episode ?,0,2,2025-03-25T21:21:50Z
@glendeveau4056,"here question one cant look clone trooperhelmet without seeing tesla logo anymore ? screw elon ! poor nikola , name muddied .",0,0,2025-03-25T21:18:42Z
@Ducatee,askmandr star war movie think provides best lego setsminifigs,0,0,2025-03-25T21:18:13Z
@nicholashanninen7379,askmandr think lego chose boba escape pod gwp simply make use boba minifig ? end exact fig ucs jango starship get disappointed ? seems like deep cut choice content gwp,0,0,2025-03-25T21:17:20Z
@tommyjohnson4294,"ask mandy brand would make start collecting building block company ? nba , nfl , yugioh",0,0,2025-03-25T21:14:28Z
@turtlechanel8345,questionwhats star destroyer set back right corner next tantive 4 ?,0,0,2025-03-25T21:12:04Z
@crazydog1750,huge thanks guy pestered ryan brought back whats stud intro .,102,0,2025-03-25T21:08:36Z
@PixlMan538,href idk see many people target around area ending hospital young jedi firehawk set .,4,0,2025-03-25T21:07:16Z
@icy101yt,"ask mandr , whats best way buy lego low paying job ?",0,0,2025-03-25T21:02:46Z
@GatoBokiro,"ryan youre gon na believe live stream someone passed around camera image somenew seat heshe already . confirm 100 may gon na buildable chopper blue white box art , jango fett helmet kylo ten midi scale shuttle , significantly small . box size acclamator , think",0,2,2025-03-25T20:59:58Z
@Chasenright,ask mandr think new andor trailer ?,0,0,2025-03-25T20:58:18Z
@craseder,ask mandr chance drop test coming back one time new death star ? wan na see end new hope lego,0,0,2025-03-25T20:58:03Z
@Kratos4ever94,"ask mandr hello , think glaring omission term potential minifigures point ? nice life .",1,0,2025-03-25T20:57:30Z
@grifini27,got load old bionicals mum loft . loved back day,0,0,2025-03-25T20:56:19Z
@BricksRadio,ask mandr favorite nhl team ?,2,2,2025-03-25T20:55:28Z
@nashtheneet,curious know percentage disney get lego star war sale ? feeling lego lowering quality print increasing price due cut disney take compared property .,0,0,2025-03-25T20:49:39Z
@chasethespongeking395,askmandr clone cadet gon na forever exclusive jango fett slave 1 gwp possibility seeing future potentially kamino playset kind mb cloning facility diorama,0,0,2025-03-25T20:48:11Z
@darnitimstuckstudios,"second ryans sentiment . thing stack quickly life , young fan warned . im new father work 10 hour day , little time much outside . watching mandr 8 year guess , lego star war fan since 3. many many lego star war set collected year , yearn day child future child old enough play lego star war set ive collected throughout life , time well .",0,0,2025-03-25T20:45:48Z
@campbellssoup6691,"ask mandr know didnt grow nintendo console , idea mario pokémon presumably getting full wave set zelda given 300 dollar price point ? brbrespecially increase adult lego fan , find odd considering many people tend gravitate towards zelda grow older",0,0,2025-03-25T20:43:48Z
@Balla_Bricks,ask mr think lego star war lost hope best year theme leaked picture 327th battle pack ?,0,0,2025-03-25T20:43:40Z
@enderrebel5525,ask mandr going review old indiana jones set ?,0,0,2025-03-25T20:43:17Z
@howtohockey9387,idea able preorder slave 1 ?,0,0,2025-03-25T20:41:55Z
@thomaswalker9277,"wife lot megaconstrux pokemon . lego one better , make rare set shiny . open package , pokemon inside shiny version . ive said mc done year .",0,0,2025-03-25T20:37:08Z
@darnitimstuckstudios,jango boba really wearing sand purple type color . something like sand blue purple,0,0,2025-03-25T20:33:23Z
@tylerwinfield925,"organized crime targeting lego store , retailer collector year ease resale extremely high value . saw lot news story last year",0,0,2025-03-25T20:32:31Z
@CoruscantStomper,ask mr feel lego lord ring minifigures seemingly getting care attention given design lego star war ? noticed shire set new piece made dress female hobbit also rivendell set new hair piece unique mould weapon included .,0,0,2025-03-25T20:31:35Z
@guitoorbenchi,im less concerned arm color concerned young boba fett look pale . tanskinned actor māori .,0,0,2025-03-25T20:30:49Z
@SlitherBricks,ask mandowhen start collecting lego first set .,0,0,2025-03-25T20:30:31Z
@njtrains487,ask mr whats opinion leaked fortnite set ?,1,0,2025-03-25T20:28:47Z
@ripebanana7211,ask mandr ever happened commander pimp daddy ?,4,3,2025-03-25T20:25:45Z
@daringumm6999,mandr lov video content couldnt stop looking behind shoulder darth maul bust look like chunk missing head guessing lighting lol,0,0,2025-03-25T20:23:54Z
@_jonjo,apple debate ryan put simply eu making shitty law ppl think good stay eu fuck eu,1,0,2025-03-25T20:22:17Z
@FirstOrderLuka,yu gi oh kid,0,0,2025-03-25T20:20:43Z
@SwissChorb,"ask mr im collecting lego clone war set want know year set best . would recommend arc170 , tridroid , vulture droid , mtt , turbo tank , ect . love video !",1,0,2025-03-25T20:20:31Z
@JackTheLegoGuy-wr4qu,"ask mr think one reason lego constantly cutting end star war minifigs star war license may work different way others ? maybe star war 2019 saw minifigs reselling hundred dollar bricklink , past wasnt problem , lego owns make profit sale . went lego rework contract make certain expected minifig value.brfor examplebrthe rebel tantive hallway valued 2.25 , star war made 25 value , would get 0.48.brbut let say lego wanted give minifigs dual molded leg , projected add 1.50 value figure . even cost lego extra 5 cent make , would owe star war 0.98 per fig , almost double . idea much star war actually making lego , theory .",0,0,2025-03-25T20:20:12Z
@Revenineakarevan,"scalping terrible pokemon , likely impact apz . read somewhere , lego pokemon set wont release country like japan yikes , korea , china etc . due license pokemon company , wonder true . yes , thousand set reselled anyway 5x 10x price .",0,0,2025-03-25T20:18:40Z
@Givenspark,"agree many scalper lego , want look scalper problem look father funko pop",0,0,2025-03-25T20:18:05Z
@Sunlessilver,ask mandr whats biggest argument involving lego star war ever another super fan ?,0,0,2025-03-25T20:17:32Z
@nicklockk,second time actor spoke minifig know happened last time dont . someone please elaborate . know resistance bomber fig replaced actor ?,0,0,2025-03-25T20:16:37Z
@TheBrownMiru,href legendayey word said,1,0,2025-03-25T20:16:16Z
@timemeddler7730,"hobbit foot already part current lego part catalogue , cause rivendell baradur , young bobas would new addition prob didnt another slot open . also hobbit barefoot kinda important randome shoe boba",5,0,2025-03-25T20:11:25Z
@V1rus224,askmandr put charge lego star war one day change one thing . change ?,7,2,2025-03-25T20:10:28Z
@jacklindsay610,lego yugioh ! would phenomenal . would love see exodia construct yugi hair piece lol,0,0,2025-03-25T20:09:47Z
@RepublicAnimations95,ask mandr become brick convention cleveland ?,2,0,2025-03-25T20:09:33Z
@stud_sidious,whenever brought fact graphic designer put flat wall review people always said nut . book show process . comment revision written flat sticky note . brand manager marketing team make comment well creative team . extensive process . usually 3 round review well . thats sometimes design change stuff u fan complain . know cause ive put flat wall . industry standard process graphic design job . always frustrating marketing director make comment designer doesnt agree . bad fig art happen . great episode ryan .,0,0,2025-03-25T20:07:57Z
@JasonDoesWhatever,mega blok start making palworld set response lego getting pokemon,32,0,2025-03-25T20:07:49Z
@bolzasergio,ask mr think 1000 death star make one episode 6 episode 4 ?,0,0,2025-03-25T20:05:58Z
@malaisemuslcedaize,"heard may 4 promo would related slave one , hoping clone war speeder bike aurra sing boba fett used . really cool got escape pod . would never expected lego star war set great ! boba fett clone war arc one favorite hasbro released boba fett action figure , awesome see lego form . im hoping mid leg sure hope escape pod connects slave one docking like episode . getting accurate republic escape pod lego wish since season 1 episode wolfe plo koon . escape pod design always iconic , even made crude moc one 2008. love getting clone war set ! even dont like episode , cadet perfect kamino mocs !",0,0,2025-03-25T20:05:34Z
@Noah0551,watch ninjago pleaseeeee,1,0,2025-03-25T20:05:18Z
@timemeddler7730,"lego continuesly supply set time span market , pokemon card far know get dropped thats , arent buying million set cant scalp xd",0,0,2025-03-25T20:05:17Z
@rendragydna,"interesting thing competition lead monopoly . competition someone goal win , dominate market . like amazon competition smaller thing beat many different way ect ect , consequence monopoly . side coin . dose always happen like bigger bigger thing become see pattern . lego tho im like whateva care",0,0,2025-03-25T20:02:25Z
@jakescott5302,ask mr mistake event happened life would take backchange ? still retain lessonsexperience gained said event nothing change present life,0,0,2025-03-25T19:59:08Z
@adamburgess311,two video one day huh,0,0,2025-03-25T19:57:57Z
@thebrickmaster7403,"feel like contemporary clone war era lego star war . fan demand , getting new clone battle pack time set prequels feel like",0,0,2025-03-25T19:56:26Z
@michelesinger249,"ask mandr think lego would make gaming themed set brand xbox , ubisoft , etc",0,0,2025-03-25T19:54:34Z
@Persona_Brick,wish middle earth set younger . glad star war superheroes though,0,0,2025-03-25T19:52:46Z
@ename6622,href picture designer use phase 2 fox ? bro look like made memory without research,23,1,2025-03-25T19:52:35Z
@terririnella4032,"like original jango revolver , must borrowed cowboy set , even right , fit",0,0,2025-03-25T19:52:28Z
@mateiiondinca1797,ask mr think death star piece count ? 1000 getting 9 thousand piece feel bad .,0,0,2025-03-25T19:51:39Z
@Persona_Brick,"read yellow book new mold said thing , read book ? highly recommend .",0,0,2025-03-25T19:51:11Z
@dylanstetter8976,"correct im wrong , attack clone isnt clone cadet look akin bobas outfit movie blue blue instead red blue ? , think there chance theyd reuse boba slave reuse torso leg cadet ? also think han solo hair would work clone war version young boba ?",1,0,2025-03-25T19:49:57Z
@brianmarin6354,thinking comment featured asked many question haha,0,0,2025-03-25T19:49:48Z
@Gzilla313,"might heretical say , lived bionicle era , bionicle werent big deal . bionicle roboriders throwbots , bionicle felt like continuation already year point .",1,0,2025-03-25T19:49:45Z
@Treytheturtle17,day 42 asking mandr review jek14 set,1,0,2025-03-25T19:48:51Z
@lucasbricks212,askmandrhi ryan wanted ask youve bought something go value couple month later year happened bought 2014 shocktrooper 2023 one realise couple month later,0,0,2025-03-25T19:46:59Z
@ByronSmith-l9o,new darth maul going pulpes lego stop size every thing sure love,0,0,2025-03-25T19:45:42Z
@FBPMonkey,ask mandr think new range finder piece come different color like gray future clone commander yellow 327th battle pack ?,2,0,2025-03-25T19:44:13Z
@TheBrickInvestor-c3v,askmandr would recommend small lego star war content creator like increase subscriber view many lego star war content creator . also love video keep .,0,0,2025-03-25T19:43:21Z
@TopherG117,"doesnt mattel mega blok ? mattel entering building block space , already hit lego pokemon . halo pokemon thing keeping mega blok afloat .",0,0,2025-03-25T19:43:03Z
@dannyiel0618,"ask whats best set modern day 2020 2025 category lego sw play set , ucs , general 18 mandr",1,0,2025-03-25T19:41:54Z
@Noah0551,ask mandr love hearing whats stud wondering started got back keep great work !,3,0,2025-03-25T19:41:20Z
@brandonpeterson7875,cant wait next stream !,0,0,2025-03-25T19:39:09Z
@Stem181,"ask mr hi , think lego ever something similar legend set ? recent malak minifig , think there chance lego starting see strong demand .",0,0,2025-03-25T19:38:37Z
@Jackstarwarsfan,hi,0,0,2025-03-25T19:37:55Z
@GermanLad-Productions,mandr bioncle ninjago arc would wild lol,0,0,2025-03-25T19:36:34Z
@coleyork4710,"ask mandr think lego focus 18 set adult welcome rebrand possible cause decline quality play scale set downscaling , odd proportion , inaccuracy , etc since think kid wont care much size accuracy even though adult buy .",1,0,2025-03-25T19:35:22Z
@brickwars7799,ask mr think tariff increase price summer set ?,0,0,2025-03-25T19:33:52Z
@Hank-m9d,ask mandr . like would ever lego made call duty set would buy,0,0,2025-03-25T19:33:46Z
@itsKtoday,cant find lego wolfpack beastmaster cmf series 27 minifigure believe scalping still issue . scanned many series 27 box still cant find minifigure . agree big issue still issue certain set minifigures . love video ryan !,0,0,2025-03-25T19:33:30Z
@_Pepe_.,"piece count death star got leaked 9019 piece , enough ?",0,0,2025-03-25T19:31:49Z
@octrustattorney,difference pokemon card pokemon lego would expect point life pokemon lego set 0ther gwp readily available retail lego keep printing . pokemon card typically printed sold manufacturer sold . move printing next set month .,0,0,2025-03-25T19:30:59Z
@Rockomax32,love case behind,0,0,2025-03-25T19:28:59Z
@Kafka.10,"app store monopoly apple doesnt allow 3rd party store . , youre forced use app store unlike android youre forced use google play store .",0,2,2025-03-25T19:28:50Z
@Makocat,"point change helmet mold drastically , im . many figure want changed . theyd look . sadly accept current convenience . need sort uniformity collection never buy older set currently .",0,0,2025-03-25T19:28:22Z
@cheeky_Arsenal7,"think lego ever go back golden era putting comic book poster set , cool instruction like one cool set picture minifigure checklist back . personally would spend hour looking kid .",0,0,2025-03-25T19:27:37Z
@Benflyn,ask mr think possible lego could come godzilla set pokemon ?,0,0,2025-03-25T19:26:25Z
@jaysonplays2131,href didnt minifigures mario minifigures zelda animal crossing nintendo ip likely pokemon minifigures,1,0,2025-03-25T19:26:23Z
@Braaage-,"disagree epic game apple take . apple literally allow download apps anywhere app store.brbr u . allow europe law changed , thankfully brbrapple right entire app ecosystem made phone . thats like saying window able shut access steam make microsoft store functioning game store , made window operating system , deserve reap reward brbryou literally download fortnite way iphone use app store . thats definition monopoly .",2,2,2025-03-25T19:26:22Z
@Makocat,"yeah ive never bought lego site unless promo build minifigures . past 3 time done , midnight .",0,0,2025-03-25T19:25:04Z
@Duskcosmog,original boba fett use violet . rich blue .,0,0,2025-03-25T19:24:39Z
@1kerrodri13,327 batlepack going worst batlepack year,0,0,2025-03-25T19:23:10Z
@Hebrew_hammer52,"young boba fett clone , wouldnt face ?",0,0,2025-03-25T19:23:01Z
@Vincent-b3p9n,ask mr think new arc170 rumoured v19 mean might get new republic vehicle wave like venador republic dropship atot,0,0,2025-03-25T19:21:48Z
@linares7bc,really think lego pokémon sell well,0,0,2025-03-25T19:21:33Z
@Kai-TheFireNinja-d3y,ask see duck brick video marvel ? feel problem marvel apply star war well,0,0,2025-03-25T19:19:57Z
@Rashmansbricks,href would great time bring back sand red cadet uniform,0,0,2025-03-25T19:18:02Z
@Duskcosmog,day 181 asking hype man back .,0,0,2025-03-25T19:17:13Z
@The7thFleet,let see get destroyed comment bionicle ninjago opinion,0,0,2025-03-25T19:16:32Z
@Immortalized26-13,"proud owner 2022 atte walker , would often displayed cannon pointed upward towards sky . recently , noticed cannon still connected drooping . tried reposition , still fell . normal thing happen piece help position canon , piece faulty ? love content praise lord gonk .",0,0,2025-03-25T19:16:23Z
@Imperialofficer07,"mean interesting minifigures animal crossing , buildable figure mario line . feel like going 5050 pokemon . unless missed theme nintendo lego made . oh wait , zelda minifigures . might slightly better chance minifigure based theme .",0,0,2025-03-25T19:16:16Z
@Nikhil-j8m,ask mandr thought lego one piece,0,0,2025-03-25T19:15:38Z
@wildeone2070,ucs death star piece count leaked . 9019 piece,0,0,2025-03-25T19:15:37Z
@jackaboy2025,"ask mandr knowing atrocious value upcoming 327th battlepack , think price point sale wont much theyll take back ?",0,0,2025-03-25T19:14:48Z
@snip3rez,ask mandr look like tantive slightly elevated . something ? brbrlove video !,0,0,2025-03-25T19:13:58Z
@Arch-Angel47,ask mandr prediction sale lego might running may 4th year ?,0,0,2025-03-25T19:13:51Z
@TheSithari7,askmandr read new hunger game book sunrise reaping ? reckon lego would make hunger game theme new film coming next year ?,0,0,2025-03-25T19:13:40Z
@Papershredder-w1y,picking maul brain ?,0,0,2025-03-25T19:12:39Z
@Rashmansbricks,think sad mega lost license pokemon.brbrbut bright side forcing focus brand actually sell halo .,0,5,2025-03-25T19:12:30Z
@williamokeson2154,feel celtic sold ?,0,0,2025-03-25T19:09:57Z
@r1ptidee,may 4th promo season 3 clone war . boba try kill mace .,0,0,2025-03-25T19:08:36Z
@Wnessa46,got ta give dual molded leg hobbit much neccesity . hobbit leg characteristic feature . boot like boba,5,0,2025-03-25T19:08:24Z
@nathangaming4936,"ask mr think get count dooku set 2026 want buy 2013 2014 clone war one minifigure im quite disappointed might cancelled count dooku dual said falsebralso honestly , waste slot may 4th promo kind wish either palpatines arrest anakin skywalker v count dooku dual really hope get jango fett arm printing 70 dollar playset",1,0,2025-03-25T19:07:54Z
@Daltwill,bionical kick as wish never got rid . could get sweet set like 7 buck back day . id say technic worse bionical,0,0,2025-03-25T19:07:49Z
@OleMissRebs,ask mrdo think lego getting ip could drop quality theme,1,0,2025-03-25T19:07:44Z
@That_Pug_Boy,ask mandr think lego would promo boba already going included 2 set later year ?,0,0,2025-03-25T19:07:16Z
@PteranoLiv,there incineroar greninja lego pokémon personally see lego burn ground,1,6,2025-03-25T19:07:11Z
@Bombsquadreview,ryan real stud,0,0,2025-03-25T19:06:26Z
@Amorizzyy,took bite darth maul head ?,58,2,2025-03-25T19:05:58Z
@itissoldier7837,"honestly , like comparison scalping ive feeling people trying say gon na issue lego pokémon scalper . unless major supply issue , dont see scalping problem . brbritself always one done product buy one know youre getting buy . decide like series randomness involved assuming cant scan barcodes product could issue . pokémon card drastically higher demand already random product dont know whats people hunting certain particular card driving increased sales.brbri dont see random lego set shelf going scalping issue .",0,0,2025-03-25T19:05:45Z
@CriticsCupofficial,star war vision season 3 coming year lego would ever make set cmf,0,0,2025-03-25T18:59:30Z
@huibhoogenberg,clear lego stealing money,0,0,2025-03-25T18:58:55Z
@noahmaldonado5461,"askmandr clone commandercaptain would like see make next ? hypothetically , lego made clone perfect",0,0,2025-03-25T18:58:54Z
@Austin_B626,"href brdamn , got ta unsubscribe ...",0,0,2025-03-25T18:58:14Z
@stevenferron1229,"ask mandr dont think requires video explain , chance lego lying exclusive jango fett ucs slave ? reason ask released venator , claimed rex going exclusive set , released figure micro fighter long",0,2,2025-03-25T18:57:57Z
@phoenixt3m4,askmandr take minifig leg hip ?,0,0,2025-03-25T18:57:53Z
@scottdavis_34,href hey ryan ! recently got ahold og cloud city twin pod set 7119 got wondering well ever see remade playset even ucs .,1,0,2025-03-25T18:56:53Z
@simonraeside4893,"ask mr 3 non star war set would like misb ? love video , long time fan . love uk",0,0,2025-03-25T18:56:29Z
@paulhawkins1514,"know didnt create plo koon head mould microfighter . question , else couldwill appear ?",0,0,2025-03-25T18:56:02Z
@firebirdbricks,scalping bad pokémon anyone even small sealed collection product get called scalper context needed . get called scalper pokémon account product 5 year ago thats production age ... brbrhopefully energy stay pokemon tcg world doesnt make way lego community .,33,1,2025-03-25T18:55:38Z
@Verymusician193,"dear lord , happened maul back ? brbrits lighting",14,3,2025-03-25T18:55:18Z
@Mattmooncfb,day 2 asking whats gunship gang return,0,0,2025-03-25T18:54:59Z
@dinosaurwithcake1256,"mega gave pokemon , damn squid game ! wanted halo set available store overpriced online ... bull !",0,0,2025-03-25T18:54:18Z
@Blahblahblah4125,"bold one saying lego doesnt bad scalping problem , gwps tied specific set sell within 12 hour lego website , put ebay day 150",69,4,2025-03-25T18:53:13Z
@SPIDERBRICKS187,day 29 asking signed 501st foil pack,3,2,2025-03-25T18:53:05Z
@bradical3080,ask mandr think mtt releasing year use sticker make pattern piece ?,0,0,2025-03-25T18:52:30Z
@benbobbb,youtube app,0,0,2025-03-25T18:52:05Z
@DarthVinatiss,"ask mnr went buy one european lego magazine disclaimer saying magazine shipped e.u would longer include figure . since people buy magazine figure wont anymore , since e.u big market , think mean u.s might finally get purchase magazine ?",0,1,2025-03-25T18:51:53Z
@MandRproductions,know didnt discus may 4th promo morning leak video ahah,103,8,2025-03-25T18:51:48Z
@jessicabuknwsheknw,"ask mandr seems lego getting video game license , game think next ?",0,0,2025-03-25T18:51:22Z
@dontattack625,askmandr ucs podrace likely ? feel like lego made much podracers early day someday make ucs set maybe 5 podracers back modern day style,0,0,2025-03-25T18:50:10Z
@phatjoeman,watching video year realized stud isnt lego reference also compliment,267,11,2025-03-25T18:49:10Z
@itzRelevant,ask mandr new bag end set overpriced opinion ?,0,0,2025-03-25T18:49:02Z
@Jadenz_,happened brick bit episode ryan ? ? ? askmandr,0,0,2025-03-25T18:48:45Z
@peterhalligan5088,"ask mandr new announcement new lord ring set , think lord ring line many set done soon ?",1,0,2025-03-25T18:48:28Z
@agentnacho2029,wasnt raised pokemon admit even id interested minifigs trainer,0,0,2025-03-25T18:46:25Z
@GetCooped,"may 4th promo info false , 3 fig wont escape pod cadet",1,3,2025-03-25T18:46:20Z
@nilsnorman1889,"hi ryan , lego starwars set think worst need remake coming year ? ask mr",0,0,2025-03-25T18:46:04Z
@tabletopstudios66,love content ryan . love rot review far .,1,0,2025-03-25T18:46:00Z
@Cody-x5w,death star got leaked pretty trash 9k 1k dollar,0,0,2025-03-25T18:45:35Z
@xty9582,"think see andor season 2 , saw gerrera partisan xwing ?",0,0,2025-03-25T18:45:13Z
@JangoZYT,wish made rot diorama ....,1,0,2025-03-25T18:44:43Z
@Thomas9253-t4t,"ask mandr since lego pokémon , lego zelda lego mario think nintendo ip become theme one set ?",6,1,2025-03-25T18:43:20Z
@Thomas9253-t4t,ask mandr please please please make worst first,0,1,2025-03-25T18:41:46Z
@DeadFish-Productions,"ask mandr think nintendo franchise gon na lego like splatoon , pikmin , metroid others ?",0,0,2025-03-25T18:41:38Z
@Domedward,ask mandr think release lego pokemon end competitor,9,6,2025-03-25T18:41:29Z
@Sean-c8h,first anyway love ur video,0,0,2025-03-25T18:41:15Z
@brickmebrady,ask mandr . ucs razorcrest isnt sale may 4th think wait black friday ? dont want miss retires .,0,0,2025-03-25T18:41:07Z
@JackCarter-g2y,askmandr think could ever get another 1000 dollar set like death star ? would think would likely ?,1,0,2025-03-25T18:40:57Z
@billwilson1943,ask mr release new arc170 upcoming v19 torrent think lego finally release new vulture droid tri fighter ? havent proper droid fighter year,42,5,2025-03-25T18:40:55Z
@SirVader1,lego drop ball much shire,1,0,2025-03-25T18:40:45Z
@Jesus-is-king-10,helmet mold better current clone helmet mold current storm trooper mold ?,1,0,2025-03-25T18:40:41Z
@Flam1ngDrag0n,askmandr price increasing much lego set think go cheaper plastic cut cost ?,0,0,2025-03-25T18:40:40Z
@Porgoproductions34-s9e,ask mr think get helmet hole clone trooper gta6 ?,1,0,2025-03-25T18:40:39Z
@michellerahe4853,whats fellow stud,0,0,2025-03-25T18:40:36Z
@carsongunter2264,actually watching old vlogs !,0,0,2025-03-25T18:40:17Z
@goated_travis333,last time early lego still cared costumer base,0,0,2025-03-25T18:40:15Z
@skflflsmslcs2110,trippin bro released two episode day,2,1,2025-03-25T18:40:13Z
@Lolvr97,two vids ! row ! ! ? ?,16,1,2025-03-25T18:40:12Z
@BrixarStudios,worst first ?,0,0,2025-03-25T18:40:09Z
@ShockTrooper336,yo first ?,0,0,2025-03-25T18:40:08Z
@carsongunter2264,first like comment !,0,0,2025-03-25T18:40:04Z
@ZackMuffinMan,hello !,0,0,2025-03-25T18:40:00Z
@Jesus-is-king-10,w,0,0,2025-03-25T18:39:58Z
@PrestonFreimann,hi,0,0,2025-03-25T18:39:57Z
@Plokomofilms,hello,0,0,2025-03-25T18:39:53Z
